Año, País,  PIB, PIB PERCAPITA, emisiones de co2, emisiones de co2 percapita, tasa natalidad, tasa mortalidad, población
1998;Argentina;73.21;324242;9005;148055;4.09;19.95;7.88;36005000
;Bolivia;61.2;8490;1058;8362;1.04;31.33;9.96;8026000
;Brasil;69.42;865115;5128;332466;1.95;21.15;6.28;168693000
;Chile;75.81;81562;5447;54328;3.65;17.74;5.34;14975000
;Colombia;72.26;117323;2993;67854;1.73;23.36;4.5;39200000
;Costa Rica;77.12;13634;3639;5155;1.37;20.89;3.92;3747000
;Cuba;76.23;25736;2331;27757;2.51;13.63;7.16;11038692
;Ecuador;72.08;27474;2258;24456;2.01;26.52;5.31;12168000
;El salvador;68.28;10937;1892;5891;1.02;26.73;6.86;5780000
;Guatemala;66.82;17488;1571;8637;0.78;36.4;6.61;11134000
;Haití;56.65;3719;455;1528;0.19;32.71;11.58;8174680
;Honduras;70.04;6366;1028;4812;0.78;35.36;5.47;6192000
;México;73.63;526522;5346;383676;3.88;24.7;4.5;98485000
;Nicaragua;68.67;4635;973;3575;0.73;28.42;5.54;4763000
;Panamá;74.69;11762;4027;5735;1.97;24.04;4.79;2921000
;Paraguay;70.09;9260;1825;4519;0.89;28.51;5.61;5075000
;Perú;70.27;53918;2141;27228;1.08;25.06;5.99;25182269
;Rep. Dom;68.93;21672;2659;17433;2.1;25.68;6.16;8152000
;Uruguay;74.31;25394;7667;5805;1.76;16.73;9.75;3312000
;Venezuela;72.16;91905;3973;135397;5.74;24.54;5.08;23130000
1999;Argentina;73.4;307673;8453;152230;4.15;19.7;7.86;36399000
;Bolivia;61.84;8269;1011;7974;0.97;30.82;9.68;8183000
;Brasil;69.77;599867;3503;341628;1.98;20.65;6.23;171256000
;Chile;76.09;75094;4953;56892;3.77;17.11;5.33;15162000
;Colombia;72.62;102780;2589;59419;1.49;22.8;4.6;39700000
;Costa Rica;77.29;14211;3703;5145;1.34;20.09;3.93;3838000
;Cuba;76.48;28365;2559;28556;2.57;13.37;7.16;11084670
;Ecuador;72.43;19740;1599;20295;1.64;26.02;5.24;12347000
;El salvador;68.58;11284;1936;5857;1.01;25.84;6.81;5830000
;Guatemala;67.35;16492;1448;8599;0.76;35.89;6.42;11387000
;Haití;56.89;4148;499;1581;0.19;32.24;11.43;8319057
;Honduras;70.38;6417;1009;4881;0.77;34.65;5.35;6357000
;México;73.99;600225;6020;372822;3.72;24.27;4.5;99706000
;Nicaragua;69.1;4856;999;3610;0.73;27.69;5.43;4859000
;Panamá;74.88;12326;4136;5022;1.69;23.76;4.78;2980000
;Paraguay;70.31;8837;1706;4526;0.87;27.75;5.56;5179000
;Perú;70.7;48719;1904;29277;1.15;24.55;5.86;25588546
;Rep. Dom;69.18;22137;2675;18802;2.23;25.21;6.14;8276000
;Uruguay;74.52;23995;7193;6819;2.06;16.42;9.86;3336000
;Venezuela;72.28;97239;4122;124863;5.2;24.16;5.08;23593000
2000;Argentina;73.58;308491;8387;150566;4.06;19.5;7.85;36784000
;Bolivia;62.45;8385;1005;8268;0.99;30.31;9.41;8340000
;Brasil;70.12;655435;3772;364390;2.08;20.12;6.19;173766000
;Chile;76.37;77815;5072;53239;3.49;16.56;5.34;15343000
;Colombia;72.95;98931;2455;61841;1.53;22.26;4.7;40296000
;Costa Rica;77.45;14965;3928;5103;1.3;19.34;3.96;3810000
;Cuba;76.7;30565;2747;28930;2.59;13.07;7.17;11126430
;Ecuador;72.76;18319;1462;21836;1.73;25.5;5.18;12531000
;El salvador;68.88;11785;2008;5808;0.99;24.93;6.77;5870000
;Guatemala;67.85;17187;1475;9594;0.82;35.34;6.24;11651000
;Haití;57.13;3952;467;1610;0.19;31.78;11.28;8463806
;Honduras;70.69;7104;1089;5059;0.78;33.83;5.24;6524000
;México;74.34;707909;7016;397058;3.9;23.85;4.3;100896000
;Nicaragua;69.53;5109;1031;3763;0.75;27.05;5.34;4957000
;Panamá;75.06;12502;4112;5207;1.72;23.45;4.78;3041000
;Paraguay;70.55;8856;1676;3757;0.71;26.97;5.51;5284000
;Perú;71.11;50414;1940;28928;1.12;24.07;5.75;25983588
;Rep. Dom;69.43;24306;2894;19714;2.3;24.77;6.12;8398000
;Uruguay;74.73;22832;6817;5450;1.64;15.99;9.23;3349000
;Venezuela;72.4;117676;4824;132588;5.41;23.8;5.09;24394000
2001;Argentina;73.76;291738;7852;140938;3.76;19.33;7.83;37156000
;Bolivia;63.05;8155;960;7732;0.91;29.8;9.16;8496000
;Brasil;70.46;559962;3178;366222;2.06;19.55;6.15;176209000
;Chile;76.63;70971;4573;51167;3.31;16.09;5.35;15520000
;Colombia;73.24;97273;2383;61160;1.49;21.71;4.7;40814000
;Costa Rica;77.6;15930;4030;5515;1.38;18.65;3.99;3953000
;Cuba;76.91;31682;2838;27811;2.49;12.74;7.18;11164667
;Ecuador;73.08;24468;1909;23217;1.81;24.97;5.13;12815000
;El salvador;69.16;12283;2078;6208;1.05;24.04;6.74;5910000
;Guatemala;68.3;18703;1568;10100;0.85;34.72;6.08;11925000
;Haití;57.38;3570;415;1732;0.2;31.33;11.13;8608819
;Honduras;70.98;7566;1130;5945;0.89;32.93;5.14;6693000
;México;74.66;756693;7410;394976;3.83;23.43;4.3;102122000
;Nicaragua;69.93;5335;1055;3993;0.78;26.51;5.25;5059000
;Panamá;75.23;12704;4095;6221;2.01;23.14;4.79;3102000
;Paraguay;70.79;8496;1578;3897;0.72;26.22;5.47;5385000
;Perú;71.51;51034;1936;26829;1.02;23.63;5.65;26366533
;Rep. Dom;69.69;25602;3007;19593;2.25;24.36;6.1;8513000
;Uruguay;74.94;20907;6238;5018;1.51;15.71;9.44;3351000
;Venezuela;72.52;123156;4965;139593;5.6;23.46;5.1;24803000
2002;Argentina;73.93;108731;2898;133083;3.51;19.18;7.82;37516000
;Bolivia;63.64;7917;915;8103;0.94;29.26;8.93;8653000
;Brasil;70.81;509358;2854;364896;2.03;18.96;6.11;178499000
;Chile;76.89;69729;4444;51639;3.31;15.71;5.36;15692000
;Colombia;73.52;97020;2348;58795;1.41;21.13;4.7;41329000
;Costa Rica;77.74;16525;4108;5631;1.39;18.04;4.04;4022000
;Cuba;77.11;33591;2999;26570;2.37;12.41;7.2;11199651
;Ecuador;73.37;28549;2180;23563;1.8;24.44;5.09;13094000
;El salvador;69.43;12664;2132;6290;1.06;23.21;6.71;5940000
;Guatemala;68.72;20777;1702;10684;0.88;34.01;5.93;12209000
;Haití;57.66;3475;397;1983;0.22;30.89;10.98;8754150
;Honduras;71.25;7775;1133;6259;0.91;31.98;5.04;6863000
;México;74.92;772110;7466;401187;3.84;23.01;4.4;103418000
;Nicaragua;70.31;5224;1012;4127;0.8;26.04;5.19;5162000
;Panamá;75.4;13204;4173;5429;1.72;22.83;4.8;3164000
;Paraguay;71.02;7196;1312;4084;0.74;25.53;5.43;5485000
;Perú;71.88;53954;2018;27974;1.05;23.21;5.58;26739379
;Rep. Dom;69.96;27249;3158;23361;2.64;23.96;6.08;8628000
;Uruguay;75.15;13632;4073;4625;1.39;15.7;9.56;3347000
;Venezuela;72.64;95570;3791;136731;5.38;23.14;4.2;25212000
2003;Argentina;74.11;138071;3646;146163;3.82;19.03;7.8;37870000
;Bolivia;64.21;8092;918;8863;1.01;28.72;8.71;8810000
;Brasil;71.17;557680;3086;363355;1.99;18.36;6.08;180708000
;Chile;77.15;75643;4770;53569;3.39;15.41;5.38;15857000
;Colombia;73.78;93751;2240;58307;1.38;20.54;4.6;41849000
;Costa Rica;77.87;17220;4214;6080;1.47;17.51;4.08;4086000
;Cuba;77.3;35901;3197;25820;2.3;12.09;7.23;11229183
;Ecuador;73.64;32433;2435;23589;1.77;23.93;5.06;13320000
;El salvador;69.68;13244;2218;6612;1.11;22.47;6.7;5970000
;Guatemala;69.09;21918;1753;10533;0.84;33.21;5.81;12500000
;Haití;57.96;2984;335;1895;0.21;30.47;10.82;8900104
;Honduras;71.51;8140;1157;6927;0.98;31.03;4.96;7034000
;México;75.12;729335;6965;421239;3.99;22.58;4.5;104720000
;Nicaragua;70.64;5322;1010;4277;0.82;25.64;5.15;5268000
;Panamá;75.57;13915;4313;5543;1.73;22.54;4.81;3227000
;Paraguay;71.25;7691;1378;4226;0.75;24.94;5.4;5583000
;Perú;72.24;58537;2160;27461;1.02;22.83;5.52;27103457
;Rep. Dom;70.23;21518;2461;19405;2.16;23.57;6.06;8745000
;Uruguay;75.37;12067;3615;4585;1.38;15.3;9.86;3338000
;Venezuela;72.78;83670;3266;136818;5.29;22.83;4.6;25622000
2004;Argentina;74.28;164911;4314;162426;4.19;18.88;7.79;38226000
;Bolivia;64.77;8785;980;9468;1.06;28.16;8.5;8968000
;Brasil;71.53;668432;3655;378804;2.05;17.79;6.06;182865000
;Chile;77.39;99224;6193;57880;3.62;15.18;5.41;16022000
;Colombia;74.03;115986;2738;58428;1.37;19.92;4.5;42368000
;Costa Rica;78;18562;4471;6158;1.47;17.07;4.14;4152000
;Cuba;77.5;38203;3396;25336;2.25;11.78;7.26;11250365
;Ecuador;73.89;36592;2700;26252;1.94;23.46;5.04;13552000
;El salvador;69.91;13725;2287;6670;1.11;21.84;6.71;6000000
;Guatemala;69.44;23965;1873;11128;0.87;32.35;5.69;12797000
;Haití;58.29;3538;391;2143;0.24;30.05;10.65;9047077
;Honduras;71.77;8772;1218;7874;1.09;30.09;4.88;7204000
;México;75.24;782243;7383;431395;4.03;22.16;4.5;105952000
;Nicaragua;70.93;5793;1078;4420;0.83;25.28;5.12;5375000
;Panamá;75.73;15255;4639;5638;1.72;22.28;4.82;3289000
;Paraguay;71.46;9624;1694;4262;0.75;24.44;5.39;5682000
;Perú;72.58;66126;2408;31627;1.16;22.49;5.49;27460073
;Rep. Dom;70.5;22506;2541;18076;1.99;23.2;6.05;8858000
;Uruguay;75.6;13708;4103;5710;1.72;15.2;9.76;3341000
;Venezuela;72.98;112189;4310;144259;5.48;22.52;4.3;26033000
2005;Argentina;74.45;199273;5164;165479;4.23;18.74;7.78;38592000
;Bolivia;65.31;9573;1049;9986;1.09;27.6;8.31;9125000
;Brasil;71.9;890671;4815;381161;2.04;17.24;6.04;184991000
;Chile;77.63;122996;7600;58682;3.63;15.02;5.44;16183000
;Colombia;74.27;145163;3385;60668;1.4;19.3;4.4;42889000
;Costa Rica;78.12;19994;4743;6308;1.48;16.72;4.2;4215000
;Cuba;77.69;42644;3787;26167;2.32;11.53;7.29;11261582
;Ecuador;74.11;41507;3025;28332;2.06;23.02;5.03;13721000
;El salvador;70.12;14698;2437;6940;1.15;21.31;6.72;6030000
;Guatemala;69.76;27211;2078;11698;0.89;31.45;5.59;13096000
;Haití;58.65;4312;469;2234;0.24;29.64;10.47;9195288
;Honduras;72.03;9672;1312;7848;1.06;29.18;4.81;7373000
;México;75.3;877477;8189;448583;4.14;21.74;4.6;107151000
;Nicaragua;71.2;6321;1153;4311;0.8;24.96;5.1;5483000
;Panamá;75.89;16638;4965;7204;2.16;22.04;4.84;3351000
;Paraguay;71.67;10738;1858;3937;0.68;24.04;5.39;5780000
;Perú;72.91;74232;2669;31644;1.15;22.16;5.46;27810540
;Rep. Dom;70.77;35948;4008;19404;2.1;22.84;6.04;8968000
;Uruguay;75.83;17398;5190;5499;1.65;14.2;9.79;3352000
;Venezuela;73.18;143326;5420;152478;5.69;22.22;4.2;26445000
2006;Argentina;74.62;232892;5976;176178;4.45;18.6;7.76;38971000
;Bolivia;65.85;11520;1241;10762;1.16;27.05;8.12;9283000
;Brasil;72.26;1106368;5914;383790;2.03;16.75;6.02;187062000
;Chile;77.87;154864;9473;59827;3.67;14.91;5.48;16348000
;Colombia;74.5;161363;3718;59509;1.36;18.69;4.4;43406000
;Costa Rica;78.24;22659;5296;6906;1.6;16.44;4.26;4279000
;Cuba;77.86;52743;4684;26691;2.36;11.34;7.34;11261248
;Ecuador;74.32;46802;3351;29964;2.15;22.63;5.03;13965000
;El salvador;70.33;16000;2634;7364;1.22;20.88;6.74;6074000
;Guatemala;70.08;30231;2257;11864;0.89;30.56;5.5;13397000
;Haití;59.03;4749;508;2282;0.24;29.24;10.29;9344785
;Honduras;72.29;10842;1438;7245;0.96;28.3;4.74;7541000
;México;75.3;975383;8997;465105;4.22;21.34;4.6;108409000
;Nicaragua;71.44;6764;1225;4557;0.84;24.67;5.09;5523000
;Panamá;76.06;18438;5402;7594;2.24;21.83;4.86;3413000
;Paraguay;71.86;13430;2285;4109;0.7;23.7;5.39;5877000
;Perú;73.22;87459;3107;31251;1.12;21.82;5.45;28151443
;Rep. Dom;71.04;37998;4189;20820;2.22;22.5;6.03;9071000
;Uruguay;76.05;19620;5843;6432;1.93;14.3;9.37;3358000
;Venezuela;73.38;177722;6617;149455;5.49;21.93;4.3;26858000
2007;Argentina;74.79;287921;7316;183906;4.6;18.47;7.75;39356000
;Bolivia;66.4;13216;1400;11679;1.24;26.51;7.94;9441000
;Brasil;72.62;1396105;7385;400373;2.1;16.31;6.02;189038000
;Chile;78.1;173569;10508;67273;4.08;14.84;5.51;16518000
;Colombia;74.73;205755;4684;61215;1.38;18.12;4.4;43927000
;Costa Rica;78.36;26856;6187;7664;1.75;16.23;4.33;4340000
;Cuba;78.02;58604;5209;27603;2.44;11.21;7.41;11251122
;Ecuador;74.51;51008;3588;30845;2.17;22.29;5.04;14215000
;El salvador;70.54;17012;2790;7740;1.27;20.53;6.77;6097000
;Guatemala;70.41;34113;2490;12675;0.93;29.72;5.41;13700000
;Haití;59.41;5885;620;2576;0.27;28.84;10.11;9495328
;Honduras;72.54;12275;1593;8936;1.16;27.43;4.68;7708000
;México;75.26;1052697;9589;472342;4.22;20.97;4.7;109787000
;Nicaragua;71.67;7423;1327;4678;0.85;24.4;5.09;5596000
;Panamá;76.23;21296;6127;7327;2.12;21.64;4.87;3476000
;Paraguay;72.06;17856;2989;4239;0.71;23.4;5.4;5975000
;Perú;73.53;102187;3588;34166;1.21;21.48;5.45;28481901
;Rep. Dom;71.3;44067;4803;21197;2.23;22.18;6.02;9174000
;Uruguay;76.25;23461;6985;5939;1.78;14.3;10.3;3359000
;Venezuela;73.58;221953;8138;147201;5.32;21.64;4.3;27273000
2008;Argentina;74.95;363545;9147;195964;4.85;18.36;7.74;39746000
;Bolivia;66.94;16792;1749;12729;1.33;25.99;7.77;9600000
;Brasil;72.97;1694860;8873;420165;2.18;15.92;6.02;191010000
;Chile;78.33;179488;10749;70814;4.25;14.78;5.55;16698000
;Colombia;74.96;242028;5445;61794;1.38;17.61;4.4;44451000
;Costa Rica;78.49;30844;7003;7587;1.71;16.04;4.39;4404000
;Cuba;78.15;60806;5411;26712;2.36;11.15;7.49;11236971
;Ecuador;74.71;61763;4267;31506;2.18;21.98;5.05;14473000
;El salvador;70.76;17987;2939;6972;1.14;20.21;6.8;6121000
;Guatemala;70.75;39137;2794;11456;0.82;28.95;5.32;14006000
;Haití;59.78;6550;679;2574;0.27;28.44;9.94;9646580
;Honduras;72.8;13790;1752;8651;1.1;26.59;4.63;7873000
;México;75.19;1109987;9973;474110;4.17;20.64;4.8;111299000
;Nicaragua;71.92;8497;1499;4499;0.8;24.13;5.08;5669000
;Panamá;76.41;25156;7110;7236;2.06;21.46;4.89;3538000
;Paraguay;72.25;24577;4048;4529;0.75;23.1;5.4;6072000
;Perú;73.83;121754;4227;38754;1.35;21.11;5.46;28807034
;Rep. Dom;71.56;48206;5195;21115;2.19;21.9;6.02;9280000
;Uruguay;76.44;30366;9029;7823;2.33;14.2;9.41;3363000
;Venezuela;73.76;289877;10469;177594;6.31;21.36;4.5;27689000
2009;Argentina;75.12;334633;8338;185919;4.56;18.25;7.72;40134000
;Bolivia;67.48;17464;1790;13523;1.39;25.49;7.6;9759000
;Brasil;73.3;1667666;8642;393331;2.02;15.6;6.03;192981000
;Chile;78.56;172520;10220;67753;4.03;14.71;5.59;16881000
;Colombia;75.19;232565;5171;64979;1.43;17.16;4.4;44979000
;Costa Rica;78.63;30826;6897;7295;1.63;15.88;4.46;4469000
;Cuba;78.26;62080;5530;30493;2.69;11.14;7.6;11226709
;Ecuador;74.9;62520;4242;34269;2.33;21.71;5.06;14738000
;El salvador;70.98;17602;2861;6864;1.12;19.92;6.82;6153000
;Guatemala;71.11;37734;2636;12060;0.84;28.27;5.23;14316000
;Haití;60.15;6585;672;2493;0.25;28.05;9.78;9798046
;Honduras;73.06;14486;1803;8183;1.02;25.78;4.58;8035000
;México;75.13;900047;7975;464301;4.02;20.33;5;112853000
;Nicaragua;72.17;8297;1445;4475;0.79;23.85;5.08;5742000
;Panamá;76.6;27117;7532;8666;2.42;21.29;4.91;3600000
;Paraguay;72.45;22347;3623;4605;0.75;22.8;5.41;6169000
;Perú;74.12;121493;4170;41634;1.44;20.71;5.48;29132013
;Rep. Dom;71.81;48319;5151;20287;2.08;21.64;6.02;9380000
;Uruguay;76.6;31661;9372;7984;2.37;14.1;9.62;3378000
;Venezuela;73.94;237448;8448;178706;6.25;21.08;4.4;28106000
2010;Argentina;75.28;424729;10413;191223;4.64;18.15;7.71;40788000
;Bolivia;68.01;19786;1995;14835;1.5;25.01;7.45;9918000
;Brasil;73.62;2207602;11327;445249;2.26;15.33;6.05;194891000
;Chile;78.78;218308;12794;71932;4.23;14.61;5.63;17064000
;Colombia;75.42;286039;6285;66566;1.45;16.78;4.4;45510000
;Costa Rica;78.77;37634;8264;7248;1.59;15.72;4.52;4554000
;Cuba;78.34;64328;5730;33775;2.98;11.16;7.72;11225832
;Ecuador;75.09;69555;4633;37827;2.53;21.47;5.07;15012000
;El salvador;71.21;18448;2979;6727;1.09;19.65;6.85;6193000
;Guatemala;71.48;41338;2826;11677;0.8;27.69;5.15;14630000
;Haití;60.51;6619;665;2358;0.24;27.65;9.63;9949322
;Honduras;73.32;15730;1919;8059;0.98;25.02;4.53;8195000
;México;75.07;1057801;9258;479215;4.08;20.04;5.2;114256000
;Nicaragua;72.43;8759;1506;4627;0.81;23.56;5.06;5816000
;Panamá;76.79;29440;8040;9437;2.59;21.1;4.93;3662000
;Paraguay;72.65;27239;4347;5182;0.83;22.49;5.41;6266000
;Perú;74.41;148931;5055;45111;1.54;20.31;5.5;29461933
;Rep. Dom;72.05;53921;5689;21372;2.16;21.4;6.03;9479000
;Uruguay;76.75;40285;11860;6384;1.89;14.1;9.9;3397000
;Venezuela;74.12;294507;10325;189006;6.51;20.79;4.6;28524000
2011;Argentina;75.44;527644;12788;199304;4.78;18.06;7.69;41261000
;Bolivia;68.52;24135;2395;16150;1.6;24.55;7.3;10078000
;Brasil;73.92;2613979;13296;465711;2.34;15.11;6.07;196604000
;Chile;78.99;252096;14611;78525;4.58;14.46;5.68;17254000
;Colombia;75.66;334476;7264;72173;1.56;16.46;4.3;46045000
;Costa Rica;78.92;42717;9261;7464;1.62;15.55;4.59;4613000
;Cuba;78.4;68990;6140;30927;2.72;11.18;7.86;11236670
;Ecuador;75.29;79277;5193;38485;2.54;21.25;5.08;15266000
;El salvador;71.45;20284;3251;6994;1.13;19.42;6.87;6239000
;Guatemala;71.86;47655;3188;11911;0.8;27.2;5.07;14949000
;Haití;60.88;7517;744;2410;0.24;27.25;9.48;10100320
;Honduras;73.57;17649;2113;9110;1.09;24.34;4.5;8352000
;México;75.01;1180487;10205;488543;4.1;19.77;5.1;115683000
;Nicaragua;72.69;9774;1630;4833;0.83;23.25;5.05;5997000
;Panamá;76.99;34686;9315;10207;2.75;20.9;4.94;3724000
;Paraguay;72.86;33716;5298;5365;0.85;22.19;5.41;6363000
;Perú;74.7;170983;5738;48236;1.62;19.91;5.53;29797694
;Rep. Dom;72.28;58088;6063;21318;2.13;21.18;6.04;9580000
;Uruguay;76.88;47962;14054;7680;2.27;14.36;9.6;3413000
;Venezuela;74.3;334272;11571;170837;580;20.47;4.7;28888369
2012;Argentina;75.6;579666;13890;204734;4.86;17.95;7.68;41733000
;Bolivia;69.01;27282;2665;17994;1.76;24.1;7.18;10239000
;Brasil;74.21;2464377;12427;500143;2.49;14.93;6.11;198315000
;Chile;79.18;267021;15308;80694;4.66;14.26;5.73;17443000
;Colombia;75.88;370344;7950;72310;1.54;16.19;4.3;46582000
;Costa Rica;79.07;46984;10055;7509;1.61;15.38;4.65;4673000
;Cuba;78.45;73141;6497;31725;2.79;11.17;8.02;11257101
;Ecuador;75.5;87925;5665;39849;2.58;21.05;5.09;15521000
;El salvador;71.69;21386;3400;7105;1.14;19.21;6.89;6290000
;Guatemala;72.24;50388;3300;12051;0.79;26.77;5;15271000
;Haití;61.26;7890;770;2301;0.22;26.84;9.33;10250930
;Honduras;73.81;18529;2178;9110;1.07;23.74;4.47;8506000
;México;74.97;1201094;10261;503396;4.17;19.49;5.47;117054000
;Nicaragua;72.95;10532;1735;4791;0.82;22.92;5.04;6071000
;Panamá;77.19;40430;10674;10661;2.83;20.68;4.95;3788000
;Paraguay;73.07;33283;5151;5615;0.88;21.9;5.41;6461000
;Perú;74.98;192882;6400;48681;1.61;19.54;5.55;30135875
;Rep. Dom;72.52;60747;6275;22202;2.19;20.97;6.05;9681000
;Uruguay;77;51266;14962;8675;2.55;14.26;9.6;3426000
;Venezuela;73.04;331628;11294;190156;6.36;20.14;5.82;29362449
2013;Argentina;75.76;611471;14489;201082;4.73;17.83;7.67;42203000
;Bolivia;69.47;30883;2929;18161;1.75;23.66;7.06;10542376
;Brasil;74.48;2471529;12357;532382;2.63;14.77;6.15;200004000
;Chile;79.35;278345;15804;84999;4.87;14;5.79;17612000
;Colombia;76.11;381844;8103;77656;1.64;15.95;4.1;47121000
;Costa Rica;79.23;50326;10633;7880;1.67;15.19;4.72;4733000
;Cuba;78.49;77148;6838;30573;2.68;11.11;8.18;11282720
;Ecuador;75.71;95130;6031;41556;2.65;20.85;5.09;15775000
;El salvador;71.94;21991;3466;6907;1.1;19.04;6.91;6344000
;Guatemala;72.6;53851;3453;13829;0.89;26.37;4.93;15596000
;Haití;61.66;8453;813;2368;0.23;26.42;9.19;10400673
;Honduras;74.05;18499;2137;9178;1.06;23.22;4.45;8658000
;México;74.93;1274444;10764;491903;4.01;19.2;5.57;118395000
;Nicaragua;73.2;10983;1790;4641;0.78;22.59;5.03;6134000
;Panamá;77.39;45600;11842;10774;2.81;20.43;4.97;3851000
;Paraguay;73.27;38585;5883;5537;0.86;21.65;5.41;6559000
;Perú;75.26;202091;6631;49511;1.62;19.2;5.58;30475144
;Rep. Dom;72.76;62758;6414;22997;2.24;20.76;6.06;9785000
;Uruguay;77.12;57531;16723;7535;2.21;14.23;9.4;3440000
;Venezuela;72.92;234401;7870;178555;5.89;19.78;6;29783571
2014;Argentina;75.91;563614;13209;208890;4.86;17.7;7.65;42670000
;Bolivia;69.89;33237;3104;19614;1.86;23.23;6.97;10706517
;Brasil;74.75;2456111;12176;558576;2.74;14.62;6.2;201718000
;Chile;79.5;260479;14644;78870;4.48;13.7;5.85;17788000
;Colombia;76.32;381240;7999;79674;1.67;15.73;5.37;47662000
;Costa Rica;79.4;51181;10679;7984;1.68;14.99;4.79;4793000
;Cuba;78.52;80656;7133;30557;2.67;10.99;8.34;11306902
;Ecuador;75.92;101726;6347;45105;2.84;20.65;5.1;16027000
;El salvador;72.18;22593;3530;6916;1.1;18.88;6.94;6401000
;Guatemala;72.94;58722;3688;17972;1.13;25.99;4.88;15924000
;Haití;62.07;8775;832;3012;0.28;26;9.04;10549008
;Honduras;74.28;19757;2243;9489;1.08;22.79;4.43;8809000
;México;74.91;1314569;10981;479263;3.86;18.89;5.67;119713000
;Nicaragua;73.43;11880;1917;4901;0.81;22.23;5.03;6198000
;Panamá;77.58;49921;12757;11440;2.93;20.16;4.99;3913000
;Paraguay;73.47;40277;6050;5801;0.89;21.41;5.41;6657000
;Perú;75.53;202308;6565;52702;1.7;18.87;5.61;30814175
;Rep. Dom;73;67264;6806;22221;2.14;20.55;6.07;9883000
;Uruguay;77.24;57236;16572;6679;1.95;14.19;9.42;3454000
;Venezuela;72.76;212347;7068;177386;5.77;19.39;6.2;30045134
2015;Argentina;76.07;642464;14895;211998;4.88;17.55;7.64;43132000
;Bolivia;70.28;33241;3058;19665;1.83;22.82;6.89;10869730
;Brasil;74.99;1799882;8846;529666;2.57;14.47;6.25;203476000
;Chile;79.65;243909;13572;84573;4.76;13.37;5.92;17971000
;Colombia;76.53;293493;6089;79533;1.65;15.52;5.41;48203000
;Costa Rica;79.57;55410;11423;7682;1.6;14.76;4.86;4851000
;Cuba;78.56;87133;7694;30994;2.7;10.82;8.5;11324781
;Ecuador;76.14;99290;6099;44085;2.73;20.43;5.1;16279000
;El salvador;72.41;23438;3628;7404;1.17;18.73;6.96;6460000
;Guatemala;73.25;63767;3924;16884;1.04;25.63;4.83;16252000
;Haití;62.49;8724;816;3451;0.32;25.58;8.89;10695542
;Honduras;74.5;20980;2341;9974;1.11;22.43;4.42;8961000
;México;74.9;1170567;9674;487734;3.87;18.57;5.76;121006000
;Nicaragua;73.65;12757;2037;5528;0.91;21.86;5.03;6263000
;Panamá;77.78;54092;13607;11532;2.91;19.86;5;3975000
;Paraguay;73.66;36164;5353;6350;0.96;21.2;5.42;6756000
;Perú;75.79;191316;6141;53704;1.71;18.56;5.64;31151643
;Rep. Dom;73.24;71254;7140;23443;2.23;20.32;6.08;9980000
;Uruguay;77.37;53275;15366;6742;1.96;14.13;9.44;3467000
;Venezuela;72.58;323595;10757;158539;5.09;19;6.41;30081829
2016;Argentina;76.22;556774;12773;213708;4.87;17.38;7.63;43590000
;Bolivia;70.63;34189;3099;21647;1.99;22.43;6.83;11031813
;Brasil;75.23;1795365;8751;495171;2.38;14.31;6.31;205157000
;Chile;79.78;250268;13776;89164;4.98;13.03;5.99;18167000
;Colombia;76.73;282720;5800;88419;1.82;15.31;5.45;48748000
;Costa Rica;79.74;57828;11779;8464;1.74;14.51;4.93;4909000
;Cuba;78.61;91370;8061;27027;2.36;10.61;8.67;11335109
;Ecuador;76.37;99938;6046;43336;2.64;20.21;5.1;16529000
;El salvador;72.64;24154;3704;7710;1.22;18.59;6.98;6521000
;Guatemala;73.54;68663;4141;18175;1.1;25.27;4.79;16582000
;Haití;62.9;7976;736;3572;0.33;25.16;8.76;10839970
;Honduras;74.7;21718;2383;10002;1.1;22.13;4.42;9115000
;México;74.92;1077906;8816;496440;3.89;18.25;5.85;122273000
;Nicaragua;73.86;13286;2100;6144;1;21.47;5.04;6328000
;Panamá;77.96;57958;14356;11212;2.78;19.56;5.02;4037000
;Paraguay;73.84;36054;5260;7199;1.07;20.99;5.44;6855000
;Perú;76.04;194387;6173;57974;1.82;18.26;5.67;31488625
;Rep. Dom;73.47;75777;7521;24849;2.33;20.07;6.1;10075000
;Uruguay;77.5;52687;15387;6649;1.93;14.06;9.45;3424132
;Venezuela;72.41;279249;9356;145804;4.62;18.61;6.62;29846179
2017;Argentina;76.37;642928;14588;213709;4.83;17.21;7.62;44072000
;Bolivia;70.95;37782;3376;22224;2.01;22.08;6.8;11192854
;Brasil;75.46;2052807;9877;506897;2.42;14.13;6.38;207833831
;Chile;79.91;277674;15075;88801;4.92;12.71;6.08;18419000
;Colombia;76.93;311796;6325;86233;1.76;15.1;5.5;49292000
;Costa Rica;79.91;58654;11810;8505;1.73;14.25;5.01;4966000
;Cuba;78.66;96851;8541;27036;2.35;10.39;8.83;11339259
;Ecuador;76.58;104296;6217;42389;2.55;19.97;5.1;16777000
;El salvador;72.87;24928;3787;7771;1.22;18.43;7.01;6582000
;Guatemala;73.81;75620;4469;18185;1.08;24.91;4.76;16919000
;Haití;63.29;8409;766;3619;0.33;24.75;8.64;10982366
;Honduras;74.9;23101;2491;10050;1.08;21.86;4.43;9272000
;México;74.95;1156953;9367;507396;3.93;17.92;5.93;123518000
;Nicaragua;74.07;13844;2165;6169;0.99;21.06;5.05;6394000
;Panamá;78.15;62284;15198;11266;2.75;19.26;5.05;4098000
;Paraguay;73.99;39009;5610;7277;1.07;20.79;5.47;6954000
;Perú;76.29;214187;6730;54377;1.69;17.97;5.71;31826018
;Rep. Dom;73.69;80082;7875;24703;2.29;19.8;6.12;10169000
;Uruguay;77.63;59546;17327;6702;1.94;13.96;9.46;3436646
;Venezuela;72.25;143841;4894;133131;4.16;18.23;6.81;29390409
2018;Argentina;76.52;519487;11658;210162;4.7;17.02;7.61;44560000
;Bolivia;71.24;40288;3549;22811;2.03;21.75;6.77;11353142
;Brasil;75.67;1867818;8917;500088;2.37;13.92;6.45;209469333
;Chile;80.04;298180;15921;91140;5.01;12.43;6.16;18729160
;Colombia;77.11;330974;6642;90045;1.82;14.88;5.56;49834000
;Costa Rica;80.1;60464;12039;8825;1.78;13.97;5.08;5022000
;Cuba;78.73;100023;8822;27549;2.4;10.17;8.99;11338138
;Ecuador;76.8;108398;6368;44386;2.63;19.72;5.11;17023000
;El salvador;73.1;26057;3922;7900;1.23;18.25;7.04;6643000
;Guatemala;74.06;78461;4545;20508;1.19;24.56;4.74;17263000
;Haití;63.66;9658;868;3650;0.33;24.35;8.53;11123176
;Honduras;75.09;24024;2506;10353;1.1;21.6;4.44;9587522
;México;74.99;1222053;9797;495778;3.79;17.6;6.01;124738000
;Nicaragua;74.28;13118;2029;6251;0.99;20.64;5.06;6465513
;Panamá;78.33;65055;15643;11747;2.82;18.98;5.08;4159000
;Paraguay;74.13;41854;5934;7528;1.09;20.57;5.5;7053000
;Perú;76.52;225366;7007;57383;1.76;17.69;5.75;32162184
;Rep. Dom;73.89;85630;8341;25177;2.31;19.51;6.15;10266000
;Uruguay;77.77;59651;17294;6935;2;13.86;9.47;3449299
;Venezuela;72.13;98437;3410;120211;3.71;17.88;6.98;28870195
